id,fecha,tipo,red,medio,url,serie,titulo,normales,personas,evento
d0001,2023-09-29,nota-de-prensa,prensa,BajaNews,https://bajanews.mx/Cali-Baja/17121/Inicia-programa-doctoral-en-Procesos-Educativos-en-contexto-de-vulnerabilidad,,Inicia programa doctoral en Procesos Educativos en contexto de vulnerabilidad,enft,,
d0002,2023-09-30,nota-de-prensa,prensa,El Mexicano,https://el-mexicano.com.mx/Noticia/Tijuana/55000/ANUNCIAN-DOCTORADO-EN-LA-NORMAL-FRONTERIZA,,Anuncian doctorado en la Normal Fronteriza,enft,,
d0003,2023-10-01,nota-de-prensa,prensa,Semanario Zeta,https://zetatijuana.com/2023/10/proponen-estrategias-educativas-en-contextos-de-vulnerabilidad/,,Proponen estrategias educativas en contextos de vulnerabilidad,,,
d0004,2023-10-02,nota-de-prensa,prensa,El Imparcial,https://www.elimparcial.com/tij/tijuana/2023/10/02/preparan-doctorado-regional-en-politicas-y-procesos-educativos-con-enfasis-y-didacticas-emergentes-en-contexto-de-vulnerabilidad/,,Preparan Doctorado Regional en Políticas y Procesos Educativos con Énfasis y Didácticas Emergentes en Contexto de Vulnerabilidad,,,
d0005,2023-10-16,nota-de-prensa,prensa,Expediente Público,https://www.expedientepublico.info/impulsa-bc-especializacion-normalista-dice-la-despe-la-normal-fronteriza-resalta-apertura-de-doctorado/,,"Impulsa BC especialización normalista, dice la DESPE; la Normal Fronteriza resalta apertura de doctorado",enft,,
d0006,[PENDIENTE],nota-de-prensa,prensa,Tribuna Económica,https://tribunaeconomica.com.mx/publicaciones/seccion/academia/ofreceran-doctorado-regional-en-politicas-y-procesos-educativos-en-tijuana/,,Ofrecerán Doctorado Regional en Políticas y Procesos Educativos en Tijuana,,,
d0007,2024-09-18,nota-de-prensa,prensa,Uniradio Informa,https://www.uniradiobaja.com/sociedad/asiste-escuela-normal-fronteriza-tijuana-congreso-nacional-investigacion-durango-n772095,,Asiste la Escuela Normal Fronteriza Tijuana al Congreso Nacional de Investigación en Durango,enft,,
d0008,2024-11-06,nota-de-prensa,prensa,El Sol de Tijuana,https://oem.com.mx/elsoldetijuana/local/cuenta-escuela-normal-fronteriza-de-tijuana-con-matricula-de-800-estudiantes-13286457,,La ENFT tiene un programa de maestría y están trabajando en un proyecto de doctorado regional,enft,,
d0009,2025-03-11,nota-de-prensa,prensa,Uniradio Informa,https://www.uniradiobaja.com/sociedad/se-inaugura-tijuana-primer-doctorado-regional-educacion-n807243,,Se inaugura en Tijuana primer doctorado regional en educación,,,
d0010,2025-03-13,nota-de-prensa,prensa,Uniradio Informa,https://www.uniradiobaja.com/sociedad/inicia-nueva-era-investigacion-mejora-educativa-catalina-ortiz-n807901,,Inicia nueva era en la investigación para la mejora educativa: Catalina Ortiz,,ortiz-macias-catalina,
d0011,2025-04-25,nota-de-prensa,prensa,Expediente Público,https://expedientepublico.info/llama-la-enft-a-inscribirse-a-quienes-quieran-aportar-su-granito-de-arena-en-la-transformacion-del-pais-a-traves-de-la-educacion/,,Llama la ENFT a inscribirse “a quienes quieran aportar su granito de arena” en la transformación del país a través de la educación,enft,,
d0012,[PENDIENTE],nota-de-prensa,prensa,Tijuana Informativo (archivo del IISUE-UNAM),https://iisue.unam.mx/medios/tijuana-informativo-nota-sobre-la-firma-de-convenio-de-colaboracion-del-iisue-con-la-escuela-normal-fronteriza-1507.pdf,,"Firma la ENFT convenio de colaboración con el IISUE-UNAM, para fortalecer la educación de futuros docentes",enft,,
d0013,2025-09-24,nota-de-prensa,prensa,Uniradio Informa,https://www.uniradiobaja.com/sociedad/participa-escuela-normal-fronteriza-tijuana-conisen-2025-pilar-transformacion-educacion-normalista-mexico-n844385,,"Participa la Escuela Normal Fronteriza Tijuana en el CONISEN 2025, pilar en la transformación de la educación normalista en México",enft,,e0003
d0014,2026-01-16,nota-de-prensa,prensa,El Peninsular,https://periodicoelpeninsular.com.mx/realizan-en-la-paz-segundo-encuentro-regional-de-escuelas-normales-del-noroeste/,,REALIZAN EN LA PAZ SEGUNDO ENCUENTRO REGIONAL DE ESCUELAS NORMALES DEL NOROESTE,,,e0005
d0015,[PENDIENTE],nota-de-prensa,facebook,Entre Notas,https://www.facebook.com/EntreNotasInfo/photos/la-paz-acoge-la-segunda-sesi%C3%B3n-del-seminario-latinoamericano-de-la-red-caennla-p/1552823979800533/,,LA PAZ ACOGE LA SEGUNDA SESIÓN DEL SEMINARIO LATINOAMERICANO DE LA RED CAENN,,,e0005
d0016,2026-01-22,nota-de-prensa,prensa,AFN Tijuana,https://www.afntijuana.info/sociales/172758_impulsa_red_de_escuelas_normales_el_seminario_latinoamericano_saberes_redes_y_comunidad,,"Impulsa Red de Escuelas Normales el Seminario Latinoamericano “Saberes, redes y comunidad”",,,
d0017,2026-04-21,transmision,youtube,Red CAENN,https://example.com/ejemplo-transmision,[EJEMPLO] Seminario en vivo,[EJEMPLO] Transmisión de la 4a sesión del Seminario Latinoamericano,ens; bycenes,ejemplo-beto; ejemplo-carla,e0007
d0018,2026-05-08,podcast,spotify,Red CAENN,https://example.com/ejemplo-podcast,[EJEMPLO] Voces normalistas,[EJEMPLO] Episodio 1: escribir desde el aula,enft; ens,ejemplo-ana; ejemplo-beto,
d0019,2026-06-02,publicacion,instagram,Red CAENN,https://example.com/ejemplo-instagram,[EJEMPLO] Cápsulas de investigación,[EJEMPLO] ¿Qué es una cartografía narrativa?,bycenes,ejemplo-carla,
